case,load_profile_name,month_id,monthly_peak_kw
MPC_DET_PVFOCUS_STRUCTURED_LOW,structured_low,1,3494.844
MPC_DET_PVFOCUS_STRUCTURED_LOW,structured_low,2,3909.0398314998056
MPC_DET_PVFOCUS_STRUCTURED_LOW,structured_low,3,3920.659724092065
MPC_DET_PVFOCUS_STRUCTURED_LOW,structured_low,4,4494.4960404039175
MPC_DET_PVFOCUS_STRUCTURED_LOW,structured_low,5,4698.558768888888
MPC_DET_PVFOCUS_STRUCTURED_LOW,structured_low,6,4332.571497777778
MPC_DET_PVFOCUS_STRUCTURED_LOW,structured_low,7,3922.3201037638974
MPC_DET_PVFOCUS_STRUCTURED_LOW,structured_low,8,3946.329242400772
MPC_DET_PVFOCUS_STRUCTURED_LOW,structured_low,9,4619.010995555555
MPC_DET_PVFOCUS_STRUCTURED_LOW,structured_low,10,4951.651354518236
MPC_DET_PVFOCUS_STRUCTURED_LOW,structured_low,11,4697.027413333333
MPC_DET_PVFOCUS_STRUCTURED_LOW,structured_low,12,4036.8276177777775
MPC_PROB_PVFOCUS_LOWPV_SAFE_K5_STRUCTURED_LOW,structured_low,1,3347.1872701608613
MPC_PROB_PVFOCUS_LOWPV_SAFE_K5_STRUCTURED_LOW,structured_low,2,3585.7188196147986
MPC_PROB_PVFOCUS_LOWPV_SAFE_K5_STRUCTURED_LOW,structured_low,3,3563.8128821137147
MPC_PROB_PVFOCUS_LOWPV_SAFE_K5_STRUCTURED_LOW,structured_low,4,3749.1422254967833
MPC_PROB_PVFOCUS_LOWPV_SAFE_K5_STRUCTURED_LOW,structured_low,5,4295.310868406042
MPC_PROB_PVFOCUS_LOWPV_SAFE_K5_STRUCTURED_LOW,structured_low,6,4166.401611920775
MPC_PROB_PVFOCUS_LOWPV_SAFE_K5_STRUCTURED_LOW,structured_low,7,3906.9083066666667
MPC_PROB_PVFOCUS_LOWPV_SAFE_K5_STRUCTURED_LOW,structured_low,8,4102.521896073405
MPC_PROB_PVFOCUS_LOWPV_SAFE_K5_STRUCTURED_LOW,structured_low,9,4439.7786822222215
MPC_PROB_PVFOCUS_LOWPV_SAFE_K5_STRUCTURED_LOW,structured_low,10,4524.3360074334705
MPC_PROB_PVFOCUS_LOWPV_SAFE_K5_STRUCTURED_LOW,structured_low,11,4362.78165472439
MPC_PROB_PVFOCUS_LOWPV_SAFE_K5_STRUCTURED_LOW,structured_low,12,3562.4481093169215
CCOR_V2_DET_SHIELD_m150_STRUCTURED_LOW,structured_low,1,3281.4455801438944
CCOR_V2_DET_SHIELD_m150_STRUCTURED_LOW,structured_low,2,3841.393897912345
CCOR_V2_DET_SHIELD_m150_STRUCTURED_LOW,structured_low,3,3816.7048272293728
CCOR_V2_DET_SHIELD_m150_STRUCTURED_LOW,structured_low,4,4238.335643750804
CCOR_V2_DET_SHIELD_m150_STRUCTURED_LOW,structured_low,5,4698.558768888888
CCOR_V2_DET_SHIELD_m150_STRUCTURED_LOW,structured_low,6,4005.7511600000003
CCOR_V2_DET_SHIELD_m150_STRUCTURED_LOW,structured_low,7,3906.9083066666667
CCOR_V2_DET_SHIELD_m150_STRUCTURED_LOW,structured_low,8,3991.402575259156
CCOR_V2_DET_SHIELD_m150_STRUCTURED_LOW,structured_low,9,4619.010995555555
CCOR_V2_DET_SHIELD_m150_STRUCTURED_LOW,structured_low,10,4843.356106468437
CCOR_V2_DET_SHIELD_m150_STRUCTURED_LOW,structured_low,11,4621.429866666666
CCOR_V2_DET_SHIELD_m150_STRUCTURED_LOW,structured_low,12,3998.3537066666663
CCOR_V2_PROB_SHIELD_m150_PVFOCUS_LOWPV_SAFE_K5_STRUCTURED_LOW,structured_low,1,3197.1872701608613
CCOR_V2_PROB_SHIELD_m150_PVFOCUS_LOWPV_SAFE_K5_STRUCTURED_LOW,structured_low,2,3400.976306201172
CCOR_V2_PROB_SHIELD_m150_PVFOCUS_LOWPV_SAFE_K5_STRUCTURED_LOW,structured_low,3,3386.146358325582
CCOR_V2_PROB_SHIELD_m150_PVFOCUS_LOWPV_SAFE_K5_STRUCTURED_LOW,structured_low,4,3729.148106666667
CCOR_V2_PROB_SHIELD_m150_PVFOCUS_LOWPV_SAFE_K5_STRUCTURED_LOW,structured_low,5,3974.145226504991
CCOR_V2_PROB_SHIELD_m150_PVFOCUS_LOWPV_SAFE_K5_STRUCTURED_LOW,structured_low,6,3870.2100939404277
CCOR_V2_PROB_SHIELD_m150_PVFOCUS_LOWPV_SAFE_K5_STRUCTURED_LOW,structured_low,7,4014.0803228260256
CCOR_V2_PROB_SHIELD_m150_PVFOCUS_LOWPV_SAFE_K5_STRUCTURED_LOW,structured_low,8,3671.99339288954
CCOR_V2_PROB_SHIELD_m150_PVFOCUS_LOWPV_SAFE_K5_STRUCTURED_LOW,structured_low,9,4440.120857533677
CCOR_V2_PROB_SHIELD_m150_PVFOCUS_LOWPV_SAFE_K5_STRUCTURED_LOW,structured_low,10,4459.054314347628
CCOR_V2_PROB_SHIELD_m150_PVFOCUS_LOWPV_SAFE_K5_STRUCTURED_LOW,structured_low,11,3585.7821390882527
CCOR_V2_PROB_SHIELD_m150_PVFOCUS_LOWPV_SAFE_K5_STRUCTURED_LOW,structured_low,12,3663.0541532790794
MPC_DET_PVFOCUS_STRUCTURED_HIGH,structured_high,1,3639.3014905549458
MPC_DET_PVFOCUS_STRUCTURED_HIGH,structured_high,2,4014.175526747509
MPC_DET_PVFOCUS_STRUCTURED_HIGH,structured_high,3,4104.68944086028
MPC_DET_PVFOCUS_STRUCTURED_HIGH,structured_high,4,4797.1008404039185
MPC_DET_PVFOCUS_STRUCTURED_HIGH,structured_high,5,5037.54052888889
MPC_DET_PVFOCUS_STRUCTURED_HIGH,structured_high,6,4639.401497777778
MPC_DET_PVFOCUS_STRUCTURED_HIGH,structured_high,7,4331.440306666666
MPC_DET_PVFOCUS_STRUCTURED_HIGH,structured_high,8,4640.444746627167
MPC_DET_PVFOCUS_STRUCTURED_HIGH,structured_high,9,5027.991079461135
MPC_DET_PVFOCUS_STRUCTURED_HIGH,structured_high,10,5467.491483208894
MPC_DET_PVFOCUS_STRUCTURED_HIGH,structured_high,11,5005.346293333334
MPC_DET_PVFOCUS_STRUCTURED_HIGH,structured_high,12,4255.089377777777
MPC_PROB_PVFOCUS_LOWPV_SAFE_K5_STRUCTURED_HIGH,structured_high,1,3337.118848888889
MPC_PROB_PVFOCUS_LOWPV_SAFE_K5_STRUCTURED_HIGH,structured_high,2,3696.537629611817
MPC_PROB_PVFOCUS_LOWPV_SAFE_K5_STRUCTURED_HIGH,structured_high,3,3752.1178550151562
MPC_PROB_PVFOCUS_LOWPV_SAFE_K5_STRUCTURED_HIGH,structured_high,4,4153.416415350856
MPC_PROB_PVFOCUS_LOWPV_SAFE_K5_STRUCTURED_HIGH,structured_high,5,4620.493855742985
MPC_PROB_PVFOCUS_LOWPV_SAFE_K5_STRUCTURED_HIGH,structured_high,6,4477.91207596723
MPC_PROB_PVFOCUS_LOWPV_SAFE_K5_STRUCTURED_HIGH,structured_high,7,4331.440306666666
MPC_PROB_PVFOCUS_LOWPV_SAFE_K5_STRUCTURED_HIGH,structured_high,8,4557.933213069942
MPC_PROB_PVFOCUS_LOWPV_SAFE_K5_STRUCTURED_HIGH,structured_high,9,4961.050995555555
MPC_PROB_PVFOCUS_LOWPV_SAFE_K5_STRUCTURED_HIGH,structured_high,10,4947.8851220804845
MPC_PROB_PVFOCUS_LOWPV_SAFE_K5_STRUCTURED_HIGH,structured_high,11,4520.31626374902
MPC_PROB_PVFOCUS_LOWPV_SAFE_K5_STRUCTURED_HIGH,structured_high,12,3663.8797108399253
CCOR_V2_DET_SHIELD_m150_STRUCTURED_HIGH,structured_high,1,3337.118848888889
CCOR_V2_DET_SHIELD_m150_STRUCTURED_HIGH,structured_high,2,3846.7003967019996
CCOR_V2_DET_SHIELD_m150_STRUCTURED_HIGH,structured_high,3,4022.0271916738175
CCOR_V2_DET_SHIELD_m150_STRUCTURED_HIGH,structured_high,4,4528.868443750803
CCOR_V2_DET_SHIELD_m150_STRUCTURED_HIGH,structured_high,5,5037.54052888889
CCOR_V2_DET_SHIELD_m150_STRUCTURED_HIGH,structured_high,6,4507.705536979771
CCOR_V2_DET_SHIELD_m150_STRUCTURED_HIGH,structured_high,7,4331.440306666666
CCOR_V2_DET_SHIELD_m150_STRUCTURED_HIGH,structured_high,8,4613.702465661824
CCOR_V2_DET_SHIELD_m150_STRUCTURED_HIGH,structured_high,9,4961.050995555555
CCOR_V2_DET_SHIELD_m150_STRUCTURED_HIGH,structured_high,10,5207.447626468436
CCOR_V2_DET_SHIELD_m150_STRUCTURED_HIGH,structured_high,11,4935.462826666667
CCOR_V2_DET_SHIELD_m150_STRUCTURED_HIGH,structured_high,12,4224.422026666666
CCOR_V2_PROB_SHIELD_m150_PVFOCUS_LOWPV_SAFE_K5_STRUCTURED_HIGH,structured_high,1,3337.118848888889
CCOR_V2_PROB_SHIELD_m150_PVFOCUS_LOWPV_SAFE_K5_STRUCTURED_HIGH,structured_high,2,3400.9766402246105
CCOR_V2_PROB_SHIELD_m150_PVFOCUS_LOWPV_SAFE_K5_STRUCTURED_HIGH,structured_high,3,3427.404214950713
CCOR_V2_PROB_SHIELD_m150_PVFOCUS_LOWPV_SAFE_K5_STRUCTURED_HIGH,structured_high,4,3771.345121034249
CCOR_V2_PROB_SHIELD_m150_PVFOCUS_LOWPV_SAFE_K5_STRUCTURED_HIGH,structured_high,5,4010.4501952148444
CCOR_V2_PROB_SHIELD_m150_PVFOCUS_LOWPV_SAFE_K5_STRUCTURED_HIGH,structured_high,6,4942.179118414304
CCOR_V2_PROB_SHIELD_m150_PVFOCUS_LOWPV_SAFE_K5_STRUCTURED_HIGH,structured_high,7,4294.4716164868005
CCOR_V2_PROB_SHIELD_m150_PVFOCUS_LOWPV_SAFE_K5_STRUCTURED_HIGH,structured_high,8,4335.550838243229
CCOR_V2_PROB_SHIELD_m150_PVFOCUS_LOWPV_SAFE_K5_STRUCTURED_HIGH,structured_high,9,4970.998475710909
CCOR_V2_PROB_SHIELD_m150_PVFOCUS_LOWPV_SAFE_K5_STRUCTURED_HIGH,structured_high,10,4888.916106174045
CCOR_V2_PROB_SHIELD_m150_PVFOCUS_LOWPV_SAFE_K5_STRUCTURED_HIGH,structured_high,11,3586.3914287936745
CCOR_V2_PROB_SHIELD_m150_PVFOCUS_LOWPV_SAFE_K5_STRUCTURED_HIGH,structured_high,12,3641.1391048611113
